"PassengerId","Survived","Pclass","Name","Sex","Age","SibSp","Parch","Fare","Cabin","Embarked","Ticketnumber","Ticketprefix","Pclage"
1,"0","3","Mr","male",22,1,0,7.25,"no_cabin","S","5","A",66
2,"1","1","Mrs","female",38,1,0,71.2833,"C","C","1","PC",38
3,"1","3","Miss","female",26,0,0,7.925,"no_cabin","S","2","STONO",78
4,"1","1","Mrs","female",35,1,0,53.1,"C","S","1","no_prefix",35
5,"0","3","Mr","male",35,0,0,8.05,"no_cabin","S","3","no_prefix",105
6,"0","3","Mr","male",40.5,0,0,8.4583,"no_cabin","Q","3","no_prefix",121.5
7,"0","1","Mr","male",54,0,0,51.8625,"E","S","1","no_prefix",54
8,"0","3","Master","male",2,3,1,21.075,"no_cabin","S","3","no_prefix",6
9,"1","3","Mrs","female",27,0,2,11.1333,"no_cabin","S","3","no_prefix",81
10,"1","2","Mrs","female",14,1,0,30.0708,"no_cabin","C","2","no_prefix",28
11,"1","3","Miss","female",4,1,1,16.7,"G","S","9","PP",12
12,"1","1","Miss","female",58,0,0,26.55,"C","S","1","no_prefix",58
13,"0","3","Mr","male",20,0,0,8.05,"no_cabin","S","5","A",60
14,"0","3","Mr","male",39,1,5,31.275,"no_cabin","S","3","no_prefix",117
15,"0","3","Miss","female",14,0,0,7.8542,"no_cabin","S","3","no_prefix",42
16,"1","2","Mrs","female",55,0,0,16,"no_cabin","S","2","no_prefix",110
17,"0","3","Master","male",2,4,1,29.125,"no_cabin","Q","3","no_prefix",6
18,"1","2","Mr","male",35,0,0,13,"no_cabin","S","2","no_prefix",70
19,"0","3","Mrs","female",31,1,0,18,"no_cabin","S","3","no_prefix",93
20,"1","3","Mrs","female",18,0,0,7.225,"no_cabin","C","2","no_prefix",54
21,"0","2","Mr","male",35,0,0,26,"no_cabin","S","2","no_prefix",70
22,"1","2","Mr","male",34,0,0,13,"D","S","2","no_prefix",68
23,"1","3","Miss","female",15,0,0,8.0292,"no_cabin","Q","3","no_prefix",45
24,"1","1","Mr","male",28,0,0,35.5,"A","S","1","no_prefix",28
25,"0","3","Miss","female",8,3,1,21.075,"no_cabin","S","3","no_prefix",24
26,"1","3","Mrs","female",38,1,5,31.3875,"no_cabin","S","3","no_prefix",114
27,"0","3","Mr","male",24,0,0,7.225,"no_cabin","C","2","no_prefix",72
28,"0","1","Mr","male",19,3,2,263,"C","S","1","no_prefix",19
29,"1","3","Miss","female",18,0,0,7.8792,"no_cabin","Q","3","no_prefix",54
30,"0","3","Mr","male",36,0,0,7.8958,"no_cabin","S","3","no_prefix",108
31,"0","1","Don","male",40,0,0,27.7208,"no_cabin","C","1","PC",40
32,"1","1","Mrs","female",50,1,0,146.5208,"B","C","1","PC",50
33,"1","3","Miss","female",21,0,0,7.75,"no_cabin","Q","3","no_prefix",63
34,"0","2","Mr","male",66,0,0,10.5,"no_cabin","S","2","CA",132
35,"0","1","Mr","male",28,1,0,82.1708,"no_cabin","C","1","PC",28
36,"0","1","Mr","male",42,1,0,52,"no_cabin","S","1","no_prefix",42
37,"1","3","Mr","male",33,0,0,7.2292,"no_cabin","C","2","no_prefix",99
38,"0","3","Mr","male",21,0,0,8.05,"no_cabin","S","5","A",63
39,"0","3","Miss","female",18,2,0,18,"no_cabin","S","3","no_prefix",54
40,"1","3","Miss","female",14,1,0,11.2417,"no_cabin","C","2","no_prefix",42
41,"0","3","Mrs","female",40,1,0,9.475,"no_cabin","S","7","no_prefix",120
42,"0","2","Mrs","female",27,1,0,21,"no_cabin","S","1","no_prefix",54
43,"0","3","Mr","male",24,0,0,7.8958,"no_cabin","C","3","no_prefix",72
44,"1","2","Miss","female",3,1,2,41.5792,"no_cabin","C","2","SCParis",6
45,"1","3","Miss","female",19,0,0,7.8792,"no_cabin","Q","3","no_prefix",57
46,"0","3","Mr","male",29,0,0,8.05,"no_cabin","S","4","SCA",87
47,"0","3","Mr","male",36,1,0,15.5,"no_cabin","Q","3","no_prefix",108
48,"1","3","Miss","female",21,0,0,7.75,"no_cabin","Q","1","no_prefix",63
49,"0","3","Mr","male",32,2,0,21.6792,"no_cabin","C","2","no_prefix",96
50,"0","3","Mrs","female",18,1,0,17.8,"no_cabin","S","3","no_prefix",54
51,"0","3","Master","male",7,4,1,39.6875,"no_cabin","S","3","no_prefix",21
52,"0","3","Mr","male",21,0,0,7.8,"no_cabin","S","4","A",63
53,"1","1","Mrs","female",49,1,0,76.7292,"D","C","1","PC",49
54,"1","2","Mrs","female",29,1,0,26,"no_cabin","S","2","no_prefix",58
55,"0","1","Mr","male",65,0,1,61.9792,"B","C","1","no_prefix",65
56,"1","1","Mr","male",40,0,0,35.5,"C","S","1","no_prefix",40
57,"1","2","Miss","female",21,0,0,10.5,"no_cabin","S","3","CA",42
58,"0","3","Mr","male",28.5,0,0,7.2292,"no_cabin","C","2","no_prefix",85.5
59,"1","2","Miss","female",5,1,2,27.75,"no_cabin","S","3","CA",10
60,"0","3","Master","male",11,5,2,46.9,"no_cabin","S","2","CA",33
61,"0","3","Mr","male",22,0,0,7.2292,"no_cabin","C","2","no_prefix",66
62,"1","1","Miss","female",38,0,0,80,"B","C","1","no_prefix",38
63,"0","1","Mr","male",45,1,0,83.475,"C","S","3","no_prefix",45
64,"0","3","Master","male",4,3,2,27.9,"no_cabin","S","3","no_prefix",12
65,"0","1","Mr","male",27,0,0,27.7208,"no_cabin","C","1","PC",27
66,"1","3","Master","male",6,1,1,15.2458,"no_cabin","C","2","no_prefix",18
67,"1","2","Mrs","female",29,0,0,10.5,"F","S","2","CA",58
68,"0","3","Mr","male",19,0,0,8.1583,"no_cabin","S","3","SP",57
69,"1","3","Miss","female",17,4,2,7.925,"no_cabin","S","3","no_prefix",51
70,"0","3","Mr","male",26,2,0,8.6625,"no_cabin","S","3","no_prefix",78
71,"0","2","Mr","male",32,0,0,10.5,"no_cabin","S","3","CA",64
72,"0","3","Miss","female",16,5,2,46.9,"no_cabin","S","2","CA",48
73,"0","2","Mr","male",21,0,0,73.5,"no_cabin","S","1","SOC",42
74,"0","3","Mr","male",26,1,0,14.4542,"no_cabin","C","2","no_prefix",78
75,"1","3","Mr","male",32,0,0,56.4958,"no_cabin","S","1","no_prefix",96
76,"0","3","Mr","male",25,0,0,7.65,"F","S","3","no_prefix",75
77,"0","3","Mr","male",20,0,0,7.8958,"no_cabin","S","3","no_prefix",60
78,"0","3","Mr","male",20,0,0,8.05,"no_cabin","S","3","no_prefix",60
79,"1","2","Master","male",0.83,0,2,29,"no_cabin","S","2","no_prefix",1.66
80,"1","3","Miss","female",30,0,0,12.475,"no_cabin","S","3","no_prefix",90
81,"0","3","Mr","male",22,0,0,9,"no_cabin","S","3","no_prefix",66
82,"1","3","Mr","male",29,0,0,9.5,"no_cabin","S","3","no_prefix",87
83,"1","3","Miss","female",16,0,0,7.7875,"no_cabin","Q","3","no_prefix",48
84,"0","1","Mr","male",28,0,0,47.1,"no_cabin","S","1","no_prefix",28
85,"1","2","Miss","female",17,0,0,10.5,"no_cabin","S","1","SOC",34
86,"1","3","Mrs","female",33,3,0,15.85,"no_cabin","S","3","no_prefix",99
87,"0","3","Mr","male",16,1,3,34.375,"no_cabin","S","3","WC",48
88,"0","3","Mr","male",33,0,0,8.05,"no_cabin","S","3","SOTONOQ",99
89,"1","1","Miss","female",23,3,2,263,"C","S","1","no_prefix",23
90,"0","3","Mr","male",24,0,0,8.05,"no_cabin","S","3","no_prefix",72
91,"0","3","Mr","male",29,0,0,8.05,"no_cabin","S","3","no_prefix",87
92,"0","3","Mr","male",20,0,0,7.8542,"no_cabin","S","3","no_prefix",60
93,"0","1","Mr","male",46,1,0,61.175,"E","S","5","WEP",46
94,"0","3","Mr","male",26,1,2,20.575,"no_cabin","S","2","CA",78
95,"0","3","Mr","male",59,0,0,7.25,"no_cabin","S","3","no_prefix",177
96,"0","3","Mr","male",33,0,0,8.05,"no_cabin","S","3","no_prefix",99
97,"0","1","Mr","male",71,0,0,34.6542,"A","C","1","PC",71
98,"1","1","Mr","male",23,0,1,63.3583,"D","C","1","PC",23
99,"1","2","Mrs","female",34,0,1,23,"no_cabin","S","2","no_prefix",68
100,"0","2","Mr","male",34,1,0,26,"no_cabin","S","2","no_prefix",68
101,"0","3","Miss","female",28,0,0,7.8958,"no_cabin","S","3","no_prefix",84
102,"0","3","Mr","male",28,0,0,7.8958,"no_cabin","S","3","no_prefix",84
103,"0","1","Mr","male",21,0,1,77.2875,"D","S","3","no_prefix",21
104,"0","3","Mr","male",33,0,0,8.6542,"no_cabin","S","7","no_prefix",99
105,"0","3","Mr","male",37,2,0,7.925,"no_cabin","S","3","no_prefix",111
106,"0","3","Mr","male",28,0,0,7.8958,"no_cabin","S","3","no_prefix",84
107,"1","3","Miss","female",21,0,0,7.65,"no_cabin","S","3","no_prefix",63
108,"1","3","Mr","male",32,0,0,7.775,"no_cabin","S","3","no_prefix",96
109,"0","3","Mr","male",38,0,0,7.8958,"no_cabin","S","3","no_prefix",114
110,"1","3","Miss","female",4,1,0,24.15,"no_cabin","Q","3","no_prefix",12
111,"0","1","Mr","male",47,0,0,52,"C","S","1","no_prefix",47
112,"0","3","Miss","female",14.5,1,0,14.4542,"no_cabin","C","2","no_prefix",43.5
113,"0","3","Mr","male",22,0,0,8.05,"no_cabin","S","3","no_prefix",66
114,"0","3","Miss","female",20,1,0,9.825,"no_cabin","S","4","no_prefix",60
115,"0","3","Miss","female",17,0,0,14.4583,"no_cabin","C","2","no_prefix",51
116,"0","3","Mr","male",21,0,0,7.925,"no_cabin","S","2","STONO",63
117,"0","3","Mr","male",70.5,0,0,7.75,"no_cabin","Q","3","no_prefix",211.5
118,"0","2","Mr","male",29,1,0,21,"no_cabin","S","1","no_prefix",58
119,"0","1","Mr","male",24,0,1,247.5208,"B","C","1","PC",24
120,"0","3","Miss","female",2,4,2,31.275,"no_cabin","S","3","no_prefix",6
121,"0","2","Mr","male",21,2,0,73.5,"no_cabin","S","1","SOC",42
122,"0","3","Mr","male",21,0,0,8.05,"no_cabin","S","4","A",63
123,"0","2","Mr","male",32.5,1,0,30.0708,"no_cabin","C","2","no_prefix",65
124,"1","2","Miss","female",32.5,0,0,13,"E","S","2","no_prefix",65
125,"0","1","Mr","male",54,0,1,77.2875,"D","S","3","no_prefix",54
126,"1","3","Master","male",12,1,0,11.2417,"no_cabin","C","2","no_prefix",36
127,"0","3","Mr","male",29,0,0,7.75,"no_cabin","Q","3","no_prefix",87
128,"1","3","Mr","male",24,0,0,7.1417,"no_cabin","S","1","C",72
129,"1","3","Miss","female",24,1,1,22.3583,"F","C","2","no_prefix",72
130,"0","3","Mr","male",45,0,0,6.975,"no_cabin","S","3","no_prefix",135
131,"0","3","Mr","male",33,0,0,7.8958,"no_cabin","C","3","no_prefix",99
132,"0","3","Mr","male",20,0,0,7.05,"no_cabin","S","3","SOTONOQ",60
133,"0","3","Mrs","female",47,1,0,14.5,"no_cabin","S","5","A",141
134,"1","2","Mrs","female",29,1,0,26,"no_cabin","S","2","no_prefix",58
135,"0","2","Mr","male",25,0,0,13,"no_cabin","S","2","CA",50
136,"0","2","Mr","male",23,0,0,15.0458,"no_cabin","C","2","SCPARIS",46
137,"1","1","Miss","female",19,0,2,26.2833,"D","S","1","no_prefix",19
138,"0","1","Mr","male",37,1,0,53.1,"C","S","1","no_prefix",37
139,"0","3","Mr","male",16,0,0,9.2167,"no_cabin","S","7","no_prefix",48
140,"0","1","Mr","male",24,0,0,79.2,"B","C","1","PC",24
141,"0","3","Mrs","female",43,0,2,15.2458,"no_cabin","C","2","no_prefix",129
142,"1","3","Miss","female",22,0,0,7.75,"no_cabin","S","3","no_prefix",66
143,"1","3","Mrs","female",24,1,0,15.85,"no_cabin","S","2","STONO",72
144,"0","3","Mr","male",19,0,0,6.75,"no_cabin","Q","3","no_prefix",57
145,"0","2","Mr","male",18,0,0,11.5,"no_cabin","S","2","no_prefix",36
146,"0","2","Mr","male",19,1,1,36.75,"no_cabin","S","3","CA",38
147,"1","3","Mr","male",27,0,0,7.7958,"no_cabin","S","3","no_prefix",81
148,"0","3","Miss","female",9,2,2,34.375,"no_cabin","S","3","WC",27
149,"0","2","Mr","male",36.5,0,2,26,"F","S","2","no_prefix",73
150,"0","2","Rev","male",42,0,0,13,"no_cabin","S","2","no_prefix",84
151,"0","2","Rev","male",51,0,0,12.525,"no_cabin","S","1","SOP",102
152,"1","1","Mrs","female",22,1,0,66.6,"C","S","1","no_prefix",22
153,"0","3","Mr","male",55.5,0,0,8.05,"no_cabin","S","5","A",166.5
154,"0","3","Mr","male",40.5,0,2,14.5,"no_cabin","S","5","A",121.5
155,"0","3","Mr","male",55.5,0,0,7.3125,"no_cabin","S","2","Fa",166.5
156,"0","1","Mr","male",51,0,1,61.3792,"no_cabin","C","1","PC",51
157,"1","3","Miss","female",16,0,0,7.7333,"no_cabin","Q","3","no_prefix",48
158,"0","3","Mr","male",30,0,0,8.05,"no_cabin","S","3","SOTONOQ",90
159,"0","3","Mr","male",17,0,0,8.6625,"no_cabin","S","3","no_prefix",51
160,"0","3","Master","male",7,8,2,69.55,"no_cabin","S","2","CA",21
161,"0","3","Mr","male",44,0,1,16.1,"no_cabin","S","3","no_prefix",132
162,"1","2","Mrs","female",40,0,0,15.75,"no_cabin","S","3","CA",80
163,"0","3","Mr","male",26,0,0,7.775,"no_cabin","S","3","no_prefix",78
164,"0","3","Mr","male",17,0,0,8.6625,"no_cabin","S","3","no_prefix",51
165,"0","3","Master","male",1,4,1,39.6875,"no_cabin","S","3","no_prefix",3
166,"1","3","Master","male",9,0,2,20.525,"no_cabin","S","3","no_prefix",27
167,"1","1","Mrs","female",40,0,1,55,"E","S","1","no_prefix",40
168,"0","3","Mrs","female",45,1,4,27.9,"no_cabin","S","3","no_prefix",135
169,"0","1","Mr","male",47,0,0,25.925,"no_cabin","S","1","PC",47
170,"0","3","Mr","male",28,0,0,56.4958,"no_cabin","S","1","no_prefix",84
171,"0","1","Mr","male",61,0,0,33.5,"B","S","1","no_prefix",61
172,"0","3","Master","male",4,4,1,29.125,"no_cabin","Q","3","no_prefix",12
173,"1","3","Miss","female",1,1,1,11.1333,"no_cabin","S","3","no_prefix",3
174,"0","3","Mr","male",21,0,0,7.925,"no_cabin","S","2","STONO",63
175,"0","1","Mr","male",56,0,0,30.6958,"A","C","1","no_prefix",56
176,"0","3","Mr","male",18,1,1,7.8542,"no_cabin","S","3","no_prefix",54
177,"0","3","Master","male",0.92,3,1,25.4667,"no_cabin","S","4","no_prefix",2.76
178,"0","1","Miss","female",50,0,0,28.7125,"C","C","1","PC",50
179,"0","2","Mr","male",30,0,0,13,"no_cabin","S","2","no_prefix",60
180,"0","3","Mr","male",36,0,0,0,"no_cabin","S","3","LINE",108
181,"0","3","Miss","female",21,8,2,69.55,"no_cabin","S","2","CA",63
182,"0","2","Mr","male",23,0,0,15.05,"no_cabin","C","2","SCPARIS",46
183,"0","3","Master","male",9,4,2,31.3875,"no_cabin","S","3","no_prefix",27
184,"1","2","Master","male",1,2,1,39,"F","S","2","no_prefix",2
185,"1","3","Miss","female",4,0,2,22.025,"no_cabin","S","3","no_prefix",12
186,"0","1","Mr","male",28,0,0,50,"A","S","1","no_prefix",28
187,"1","3","Mrs","female",31,1,0,15.5,"no_cabin","Q","3","no_prefix",93
188,"1","1","Mr","male",45,0,0,26.55,"no_cabin","S","1","no_prefix",45
189,"0","3","Mr","male",40,1,1,15.5,"no_cabin","Q","3","no_prefix",120
190,"0","3","Mr","male",36,0,0,7.8958,"no_cabin","S","3","no_prefix",108
191,"1","2","Mrs","female",32,0,0,13,"no_cabin","S","2","no_prefix",64
192,"0","2","Mr","male",19,0,0,13,"no_cabin","S","2","no_prefix",38
193,"1","3","Miss","female",19,1,0,7.8542,"no_cabin","S","3","no_prefix",57
194,"1","2","Master","male",3,1,1,26,"F","S","2","no_prefix",6
195,"1","1","Mrs","female",44,0,0,27.7208,"B","C","1","PC",44
196,"1","1","Miss","female",58,0,0,146.5208,"B","C","1","PC",58
197,"0","3","Mr","male",24,0,0,7.75,"no_cabin","Q","3","no_prefix",72
198,"0","3","Mr","male",42,0,1,8.4042,"no_cabin","S","4","no_prefix",126
199,"1","3","Miss","female",15,0,0,7.75,"no_cabin","Q","3","no_prefix",45
200,"0","2","Miss","female",24,0,0,13,"no_cabin","S","2","no_prefix",48
201,"0","3","Mr","male",28,0,0,9.5,"no_cabin","S","3","no_prefix",84
202,"0","3","Mr","male",26,8,2,69.55,"no_cabin","S","2","CA",78
203,"0","3","Mr","male",34,0,0,6.4958,"no_cabin","S","3","no_prefix",102
204,"0","3","Mr","male",45.5,0,0,7.225,"no_cabin","C","2","no_prefix",136.5
205,"1","3","Mr","male",18,0,0,8.05,"no_cabin","S","5","A",54
206,"0","3","Miss","female",2,0,1,10.4625,"G","S","3","no_prefix",6
207,"0","3","Mr","male",32,1,0,15.85,"no_cabin","S","3","no_prefix",96
208,"1","3","Mr","male",26,0,0,18.7875,"no_cabin","C","2","no_prefix",78
209,"1","3","Miss","female",16,0,0,7.75,"no_cabin","Q","3","no_prefix",48
210,"1","1","Mr","male",40,0,0,31,"A","C","1","no_prefix",40
211,"0","3","Mr","male",24,0,0,7.05,"no_cabin","S","3","SOTONOQ",72
212,"1","2","Miss","female",35,0,0,21,"no_cabin","S","1","FCC",70
213,"0","3","Mr","male",22,0,0,7.25,"no_cabin","S","5","A",66
214,"0","2","Mr","male",30,0,0,13,"no_cabin","S","2","no_prefix",60
215,"0","3","Mr","male",65,1,0,7.75,"no_cabin","Q","3","no_prefix",195
216,"1","1","Miss","female",31,1,0,113.275,"D","C","3","no_prefix",31
217,"1","3","Miss","female",27,0,0,7.925,"no_cabin","S","2","STONO",81
218,"0","2","Mr","male",42,1,0,27,"no_cabin","S","2","no_prefix",84
219,"1","1","Miss","female",32,0,0,76.2917,"D","C","1","no_prefix",32
220,"0","2","Mr","male",30,0,0,10.5,"no_cabin","S","1","WC",60
221,"1","3","Mr","male",16,0,0,8.05,"no_cabin","S","3","SOTONOQ",48
222,"0","2","Mr","male",27,0,0,13,"no_cabin","S","2","no_prefix",54
223,"0","3","Mr","male",51,0,0,8.05,"no_cabin","S","2","no_prefix",153
224,"0","3","Mr","male",33,0,0,7.8958,"no_cabin","S","3","no_prefix",99
225,"1","1","Mr","male",38,1,0,90,"C","S","1","no_prefix",38
226,"0","3","Mr","male",22,0,0,9.35,"no_cabin","S","4","PP",66
227,"1","2","Mr","male",19,0,0,10.5,"no_cabin","S","7","SWPP",38
228,"0","3","Mr","male",20.5,0,0,7.25,"no_cabin","S","5","A",61.5
229,"0","2","Mr","male",18,0,0,13,"no_cabin","S","2","no_prefix",36
230,"0","3","Miss","female",18,3,1,25.4667,"no_cabin","S","4","no_prefix",54
231,"1","1","Mrs","female",35,1,0,83.475,"C","S","3","no_prefix",35
232,"0","3","Mr","male",29,0,0,7.775,"no_cabin","S","3","no_prefix",87
233,"0","2","Mr","male",59,0,0,13.5,"no_cabin","S","2","no_prefix",118
234,"1","3","Miss","female",5,4,2,31.3875,"no_cabin","S","3","no_prefix",15
235,"0","2","Mr","male",24,0,0,10.5,"no_cabin","S","2","CA",48
236,"0","3","Miss","female",20,0,0,7.55,"no_cabin","S","3","WC",60
237,"0","2","Mr","male",44,1,0,26,"no_cabin","S","2","no_prefix",88
238,"1","2","Miss","female",8,0,2,26.25,"no_cabin","S","3","CA",16
239,"0","2","Mr","male",19,0,0,10.5,"no_cabin","S","2","no_prefix",38
240,"0","2","Mr","male",33,0,0,12.275,"no_cabin","S","1","SCOW",66
241,"0","3","Miss","female",21,1,0,14.4542,"no_cabin","C","2","no_prefix",63
242,"1","3","Miss","female",15,1,0,15.5,"no_cabin","Q","3","no_prefix",45
243,"0","2","Mr","male",29,0,0,10.5,"no_cabin","S","1","WC",58
244,"0","3","Mr","male",22,0,0,7.125,"no_cabin","S","2","STONO",66
245,"0","3","Mr","male",30,0,0,7.225,"no_cabin","C","2","no_prefix",90
246,"0","1","Dr","male",44,2,0,90,"C","Q","1","no_prefix",44
247,"0","3","Miss","female",25,0,0,7.775,"no_cabin","S","3","no_prefix",75
248,"1","2","Mrs","female",24,0,2,14.5,"no_cabin","S","2","no_prefix",48
249,"1","1","Mr","male",37,1,1,52.5542,"D","S","1","no_prefix",37
250,"0","2","Rev","male",54,1,0,26,"no_cabin","S","2","no_prefix",108
251,"0","3","Mr","male",34,0,0,7.25,"no_cabin","S","3","no_prefix",102
252,"0","3","Mrs","female",29,1,1,10.4625,"G","S","3","no_prefix",87
253,"0","1","Mr","male",62,0,0,26.55,"C","S","1","no_prefix",62
254,"0","3","Mr","male",30,1,0,16.1,"no_cabin","S","5","A",90
255,"0","3","Mrs","female",41,0,2,20.2125,"no_cabin","S","3","no_prefix",123
256,"1","3","Mrs","female",29,0,2,15.2458,"no_cabin","C","2","no_prefix",87
257,"1","1","Mrs","female",54,0,0,79.2,"no_cabin","C","1","PC",54
258,"1","1","Miss","female",30,0,0,86.5,"B","S","1","no_prefix",30
259,"1","1","Miss","female",35,0,0,512.3292,"no_cabin","C","1","PC",35
260,"1","2","Mrs","female",50,0,1,26,"no_cabin","S","2","no_prefix",100
261,"0","3","Mr","male",32,0,0,7.75,"no_cabin","Q","3","no_prefix",96
262,"1","3","Master","male",3,4,2,31.3875,"no_cabin","S","3","no_prefix",9
263,"0","1","Mr","male",52,1,1,79.65,"E","S","1","no_prefix",52
264,"0","1","Mr","male",40,0,0,0,"B","S","1","no_prefix",40
265,"0","3","Miss","female",22,0,0,7.75,"no_cabin","Q","3","no_prefix",66
266,"0","2","Mr","male",36,0,0,10.5,"no_cabin","S","1","CA",72
267,"0","3","Mr","male",16,4,1,39.6875,"no_cabin","S","3","no_prefix",48
268,"1","3","Mr","male",25,1,0,7.775,"no_cabin","S","3","no_prefix",75
269,"1","1","Mrs","female",58,0,1,153.4625,"C","S","1","PC",58
270,"1","1","Miss","female",35,0,0,135.6333,"C","S","1","PC",35
271,"0","1","Mr","male",45,0,0,31,"no_cabin","S","1","no_prefix",45
272,"1","3","Mr","male",25,0,0,0,"no_cabin","S","3","LINE",75
273,"1","2","Mrs","female",41,0,1,19.5,"no_cabin","S","2","no_prefix",82
274,"0","1","Mr","male",37,0,1,29.7,"C","C","1","PC",37
275,"1","3","Miss","female",26,0,0,7.75,"no_cabin","Q","3","no_prefix",78
276,"1","1","Miss","female",63,1,0,77.9583,"D","S","1","no_prefix",63
277,"0","3","Miss","female",45,0,0,7.75,"no_cabin","S","3","no_prefix",135
278,"0","2","Mr","male",22,0,0,0,"no_cabin","S","2","no_prefix",44
279,"0","3","Master","male",7,4,1,29.125,"no_cabin","Q","3","no_prefix",21
280,"1","3","Mrs","female",35,1,1,20.25,"no_cabin","S","2","CA",105
281,"0","3","Mr","male",65,0,0,7.75,"no_cabin","Q","3","no_prefix",195
282,"0","3","Mr","male",28,0,0,7.8542,"no_cabin","S","3","no_prefix",84
283,"0","3","Mr","male",16,0,0,9.5,"no_cabin","S","3","no_prefix",48
284,"1","3","Mr","male",19,0,0,8.05,"no_cabin","S","5","A",57
285,"0","1","Mr","male",64,0,0,26,"A","S","1","no_prefix",64
286,"0","3","Mr","male",33,0,0,8.6625,"no_cabin","C","3","no_prefix",99
287,"1","3","Mr","male",30,0,0,9.5,"no_cabin","S","3","no_prefix",90
288,"0","3","Mr","male",22,0,0,7.8958,"no_cabin","S","3","no_prefix",66
289,"1","2","Mr","male",42,0,0,13,"no_cabin","S","2","no_prefix",84
290,"1","3","Miss","female",22,0,0,7.75,"no_cabin","Q","3","no_prefix",66
291,"1","1","Miss","female",26,0,0,78.85,"no_cabin","S","1","no_prefix",26
292,"1","1","Mrs","female",19,1,0,91.0792,"B","C","1","no_prefix",19
293,"0","2","Mr","male",36,0,0,12.875,"D","C","2","SCParis",72
294,"0","3","Miss","female",24,0,0,8.85,"no_cabin","S","3","no_prefix",72
295,"0","3","Mr","male",24,0,0,7.8958,"no_cabin","S","3","no_prefix",72
296,"0","1","Mr","male",28,0,0,27.7208,"no_cabin","C","1","PC",28
297,"0","3","Mr","male",23.5,0,0,7.2292,"no_cabin","C","2","no_prefix",70.5
298,"0","1","Miss","female",2,1,2,151.55,"C","S","1","no_prefix",2
299,"1","1","Mr","male",25,0,0,30.5,"C","S","1","no_prefix",25
300,"1","1","Mrs","female",50,0,1,247.5208,"B","C","1","PC",50
301,"1","3","Miss","female",22,0,0,7.75,"no_cabin","Q","9","no_prefix",66
302,"1","3","Mr","male",32,2,0,23.25,"no_cabin","Q","3","no_prefix",96
303,"0","3","Mr","male",19,0,0,0,"no_cabin","S","3","LINE",57
304,"1","2","Miss","female",24,0,0,12.35,"E","Q","2","no_prefix",48
305,"0","3","Mr","male",28,0,0,8.05,"no_cabin","S","5","A",84
306,"1","1","Master","male",0.92,1,2,151.55,"C","S","1","no_prefix",0.92
307,"1","1","Miss","female",42,0,0,110.8833,"no_cabin","C","1","no_prefix",42
308,"1","1","Mrs","female",17,1,0,108.9,"C","C","1","PC",17
309,"0","2","Mr","male",30,1,0,24,"no_cabin","C","3","PPP",60
310,"1","1","Miss","female",30,0,0,56.9292,"E","C","1","PC",30
311,"1","1","Miss","female",24,0,0,83.1583,"C","C","1","no_prefix",24
312,"1","1","Miss","female",18,2,2,262.375,"B","C","1","PC",18
313,"0","2","Mrs","female",26,1,1,26,"no_cabin","S","2","no_prefix",52
314,"0","3","Mr","male",28,0,0,7.8958,"no_cabin","S","3","no_prefix",84
315,"0","2","Mr","male",43,1,1,26.25,"no_cabin","S","1","FCC",86
316,"1","3","Miss","female",26,0,0,7.8542,"no_cabin","S","3","no_prefix",78
317,"1","2","Mrs","female",24,1,0,26,"no_cabin","S","2","no_prefix",48
318,"0","2","Dr","male",54,0,0,14,"no_cabin","S","2","no_prefix",108
319,"1","1","Miss","female",31,0,2,164.8667,"C","S","3","no_prefix",31
320,"1","1","Mrs","female",40,1,1,134.5,"E","C","1","no_prefix",40
321,"0","3","Mr","male",22,0,0,7.25,"no_cabin","S","5","A",66
322,"0","3","Mr","male",27,0,0,7.8958,"no_cabin","S","3","no_prefix",81
323,"1","2","Miss","female",30,0,0,12.35,"no_cabin","Q","2","no_prefix",60
324,"1","2","Mrs","female",22,1,1,29,"no_cabin","S","2","no_prefix",44
325,"0","3","Mr","male",1,8,2,69.55,"no_cabin","S","2","CA",3
326,"1","1","Miss","female",36,0,0,135.6333,"C","C","1","PC",36
327,"0","3","Mr","male",61,0,0,6.2375,"no_cabin","S","3","no_prefix",183
328,"1","2","Mrs","female",36,0,0,13,"D","S","2","no_prefix",72
329,"1","3","Mrs","female",31,1,1,20.525,"no_cabin","S","3","no_prefix",93
330,"1","1","Miss","female",16,0,1,57.9792,"B","C","1","no_prefix",16
331,"1","3","Miss","female",2,2,0,23.25,"no_cabin","Q","3","no_prefix",6
332,"0","1","Mr","male",45.5,0,0,28.5,"C","S","1","no_prefix",45.5
333,"0","1","Mr","male",38,0,1,153.4625,"C","S","1","PC",38
334,"0","3","Mr","male",16,2,0,18,"no_cabin","S","3","no_prefix",48
335,"1","1","Mrs","female",37,1,0,133.65,"no_cabin","S","1","PC",37
336,"0","3","Mr","male",19,0,0,7.8958,"no_cabin","S","3","no_prefix",57
337,"0","1","Mr","male",29,1,0,66.6,"C","S","1","no_prefix",29
338,"1","1","Miss","female",41,0,0,134.5,"E","C","1","no_prefix",41
339,"1","3","Mr","male",45,0,0,8.05,"no_cabin","S","7","no_prefix",135
340,"0","1","Mr","male",45,0,0,35.5,"T","S","1","no_prefix",45
341,"1","2","Master","male",2,1,1,26,"F","S","2","no_prefix",4
342,"1","1","Miss","female",24,3,2,263,"C","S","1","no_prefix",24
343,"0","2","Mr","male",28,0,0,13,"no_cabin","S","2","no_prefix",56
344,"0","2","Mr","male",25,0,0,13,"no_cabin","S","2","no_prefix",50
345,"0","2","Mr","male",36,0,0,13,"no_cabin","S","2","no_prefix",72
346,"1","2","Miss","female",24,0,0,13,"F","S","2","no_prefix",48
347,"1","2","Miss","female",40,0,0,13,"no_cabin","S","3","no_prefix",80
348,"1","3","Mrs","female",24,1,0,16.1,"no_cabin","S","3","no_prefix",72
349,"1","3","Master","male",3,1,1,15.9,"no_cabin","S","3","CA",9
350,"0","3","Mr","male",42,0,0,8.6625,"no_cabin","S","3","no_prefix",126
351,"0","3","Mr","male",23,0,0,9.225,"no_cabin","S","7","no_prefix",69
352,"0","1","Mr","male",61,0,0,35,"C","S","1","no_prefix",61
353,"0","3","Mr","male",15,1,1,7.2292,"no_cabin","C","2","no_prefix",45
354,"0","3","Mr","male",25,1,0,17.8,"no_cabin","S","3","no_prefix",75
355,"0","3","Mr","male",20,0,0,7.225,"no_cabin","C","2","no_prefix",60
356,"0","3","Mr","male",28,0,0,9.5,"no_cabin","S","3","no_prefix",84
357,"1","1","Miss","female",22,0,1,55,"E","S","1","no_prefix",22
358,"0","2","Miss","female",38,0,0,13,"no_cabin","S","2","no_prefix",76
359,"1","3","Miss","female",23,0,0,7.8792,"no_cabin","Q","3","no_prefix",69
360,"1","3","Miss","female",5,0,0,7.8792,"no_cabin","Q","3","no_prefix",15
361,"0","3","Mr","male",40,1,4,27.9,"no_cabin","S","3","no_prefix",120
362,"0","2","Mr","male",29,1,0,27.7208,"no_cabin","C","2","SCPARIS",58
363,"0","3","Mrs","female",45,0,1,14.4542,"no_cabin","C","2","no_prefix",135
364,"0","3","Mr","male",35,0,0,7.05,"no_cabin","S","3","SOTONOQ",105
365,"0","3","Mr","male",41,1,0,15.5,"no_cabin","Q","3","no_prefix",123
366,"0","3","Mr","male",30,0,0,7.25,"no_cabin","S","7","C",90
367,"1","1","Mrs","female",60,1,0,75.25,"D","C","1","no_prefix",60
368,"1","3","Mrs","female",24,0,0,7.2292,"no_cabin","C","2","no_prefix",72
369,"1","3","Miss","female",22,0,0,7.75,"no_cabin","Q","1","no_prefix",66
370,"1","1","Mme","female",24,0,0,69.3,"B","C","1","PC",24
371,"1","1","Mr","male",25,1,0,55.4417,"E","C","1","no_prefix",25
372,"0","3","Mr","male",18,1,0,6.4958,"no_cabin","S","3","no_prefix",54
373,"0","3","Mr","male",19,0,0,8.05,"no_cabin","S","3","no_prefix",57
374,"0","1","Mr","male",22,0,0,135.6333,"no_cabin","C","1","PC",22
375,"0","3","Miss","female",3,3,1,21.075,"no_cabin","S","3","no_prefix",9
376,"1","1","Mrs","female",28,1,0,82.1708,"no_cabin","C","1","PC",28
377,"1","3","Miss","female",22,0,0,7.25,"no_cabin","S","7","C",66
378,"0","1","Mr","male",27,0,2,211.5,"C","C","1","no_prefix",27
379,"0","3","Mr","male",20,0,0,4.0125,"no_cabin","C","2","no_prefix",60
380,"0","3","Mr","male",19,0,0,7.775,"no_cabin","S","3","no_prefix",57
381,"1","1","Miss","female",42,0,0,227.525,"no_cabin","C","1","PC",42
382,"1","3","Miss","female",1,0,2,15.7417,"no_cabin","C","2","no_prefix",3
383,"0","3","Mr","male",32,0,0,7.925,"no_cabin","S","2","STONO",96
384,"1","1","Mrs","female",35,1,0,52,"no_cabin","S","1","no_prefix",35
385,"0","3","Mr","male",40,0,0,7.8958,"no_cabin","S","3","no_prefix",120
386,"0","2","Mr","male",18,0,0,73.5,"no_cabin","S","1","SOC",36
387,"0","3","Master","male",1,5,2,46.9,"no_cabin","S","2","CA",3
388,"1","2","Miss","female",36,0,0,13,"no_cabin","S","2","no_prefix",72
389,"0","3","Mr","male",35,0,0,7.7292,"no_cabin","Q","3","no_prefix",105
390,"1","2","Miss","female",17,0,0,12,"no_cabin","C","1","SC",34
391,"1","1","Mr","male",36,1,2,120,"B","S","1","no_prefix",36
392,"1","3","Mr","male",21,0,0,7.7958,"no_cabin","S","3","no_prefix",63
393,"0","3","Mr","male",28,2,0,7.925,"no_cabin","S","3","no_prefix",84
394,"1","1","Miss","female",23,1,0,113.275,"D","C","3","no_prefix",23
395,"1","3","Mrs","female",24,0,2,16.7,"G","S","9","PP",72
396,"0","3","Mr","male",22,0,0,7.7958,"no_cabin","S","3","no_prefix",66
397,"0","3","Miss","female",31,0,0,7.8542,"no_cabin","S","3","no_prefix",93
398,"0","2","Mr","male",46,0,0,26,"no_cabin","S","2","no_prefix",92
399,"0","2","Dr","male",23,0,0,10.5,"no_cabin","S","2","no_prefix",46
400,"1","2","Mrs","female",28,0,0,12.65,"no_cabin","S","2","no_prefix",56
401,"1","3","Mr","male",39,0,0,7.925,"no_cabin","S","2","STONO",117
402,"0","3","Mr","male",26,0,0,8.05,"no_cabin","S","3","no_prefix",78
403,"0","3","Miss","female",21,1,0,9.825,"no_cabin","S","4","no_prefix",63
404,"0","3","Mr","male",28,1,0,15.85,"no_cabin","S","2","STONO",84
405,"0","3","Miss","female",20,0,0,8.6625,"no_cabin","S","3","no_prefix",60
406,"0","2","Mr","male",34,1,0,21,"no_cabin","S","2","no_prefix",68
407,"0","3","Mr","male",51,0,0,7.75,"no_cabin","S","3","no_prefix",153
408,"1","2","Master","male",3,1,1,18.75,"no_cabin","S","2","no_prefix",6
409,"0","3","Mr","male",21,0,0,7.775,"no_cabin","S","3","no_prefix",63
410,"0","3","Miss","female",5,3,1,25.4667,"no_cabin","S","4","no_prefix",15
411,"0","3","Mr","male",32,0,0,7.8958,"no_cabin","S","3","no_prefix",96
412,"0","3","Mr","male",25,0,0,6.8583,"no_cabin","Q","3","no_prefix",75
413,"1","1","Miss","female",33,1,0,90,"C","Q","1","no_prefix",33
414,"0","2","Mr","male",38,0,0,0,"no_cabin","S","2","no_prefix",76
415,"1","3","Mr","male",44,0,0,7.925,"no_cabin","S","2","STONO",132
416,"0","3","Mrs","female",41,0,0,8.05,"no_cabin","S","3","no_prefix",123
417,"1","2","Mrs","female",34,1,1,32.5,"no_cabin","S","2","no_prefix",68
418,"1","2","Miss","female",18,0,2,13,"no_cabin","S","2","no_prefix",36
419,"0","2","Mr","male",30,0,0,13,"no_cabin","S","2","no_prefix",60
420,"0","3","Miss","female",10,0,2,24.15,"no_cabin","S","3","no_prefix",30
421,"0","3","Mr","male",19,0,0,7.8958,"no_cabin","C","3","no_prefix",57
422,"0","3","Mr","male",21,0,0,7.7333,"no_cabin","Q","5","A",63
423,"0","3","Mr","male",29,0,0,7.875,"no_cabin","S","3","no_prefix",87
424,"0","3","Mrs","female",28,1,1,14.4,"no_cabin","S","3","no_prefix",84
425,"0","3","Mr","male",18,1,1,20.2125,"no_cabin","S","3","no_prefix",54
426,"0","3","Mr","male",22,0,0,7.25,"no_cabin","S","4","A",66
427,"1","2","Mrs","female",28,1,0,26,"no_cabin","S","2","no_prefix",56
428,"1","2","Miss","female",19,0,0,26,"no_cabin","S","2","no_prefix",38
429,"0","3","Mr","male",40.5,0,0,7.75,"no_cabin","Q","3","no_prefix",121.5
430,"1","3","Mr","male",32,0,0,8.05,"E","S","3","SOTONOQ",96
431,"1","1","Mr","male",28,0,0,26.55,"C","S","1","no_prefix",28
432,"1","3","Mrs","female",24,1,0,16.1,"no_cabin","S","3","no_prefix",72
433,"1","2","Mrs","female",42,1,0,26,"no_cabin","S","3","SCAH",84
434,"0","3","Mr","male",17,0,0,7.125,"no_cabin","S","2","STONO",51
435,"0","1","Mr","male",50,1,0,55.9,"E","S","1","no_prefix",50
436,"1","1","Miss","female",14,1,2,120,"B","S","1","no_prefix",14
437,"0","3","Miss","female",21,2,2,34.375,"no_cabin","S","3","WC",63
438,"1","2","Mrs","female",24,2,3,18.75,"no_cabin","S","2","no_prefix",48
439,"0","1","Mr","male",64,1,4,263,"C","S","1","no_prefix",64
440,"0","2","Mr","male",31,0,0,10.5,"no_cabin","S","1","CA",62
441,"1","2","Mrs","female",45,1,1,26.25,"no_cabin","S","1","FCC",90
442,"0","3","Mr","male",20,0,0,9.5,"no_cabin","S","3","no_prefix",60
443,"0","3","Mr","male",25,1,0,7.775,"no_cabin","S","3","no_prefix",75
444,"1","2","Ms","female",28,0,0,13,"no_cabin","S","2","no_prefix",56
445,"1","3","Mr","male",24.5,0,0,8.1125,"no_cabin","S","3","no_prefix",73.5
446,"1","1","Master","male",4,0,2,81.8583,"A","S","3","no_prefix",4
447,"1","2","Miss","female",13,0,1,19.5,"no_cabin","S","2","no_prefix",26
448,"1","1","Mr","male",34,0,0,26.55,"no_cabin","S","1","no_prefix",34
449,"1","3","Miss","female",5,2,1,19.2583,"no_cabin","C","2","no_prefix",15
450,"1","1","Major","male",52,0,0,30.5,"C","S","1","no_prefix",52
451,"0","2","Mr","male",36,1,2,27.75,"no_cabin","S","3","CA",72
452,"0","3","Mr","male",36,1,0,19.9667,"no_cabin","S","3","no_prefix",108
453,"0","1","Mr","male",30,0,0,27.75,"C","C","1","no_prefix",30
454,"1","1","Mr","male",49,1,0,89.1042,"C","C","1","no_prefix",49
455,"0","3","Mr","male",20.5,0,0,8.05,"no_cabin","S","5","A",61.5
456,"1","3","Mr","male",29,0,0,7.8958,"no_cabin","C","3","no_prefix",87
457,"0","1","Mr","male",65,0,0,26.55,"E","S","1","no_prefix",65
458,"1","1","Mrs","female",39,1,0,51.8625,"D","S","1","no_prefix",39
459,"1","2","Miss","female",50,0,0,10.5,"no_cabin","S","1","FCC",100
460,"0","3","Mr","male",31,0,0,7.75,"no_cabin","Q","3","no_prefix",93
461,"1","1","Mr","male",48,0,0,26.55,"E","S","1","no_prefix",48
462,"0","3","Mr","male",34,0,0,8.05,"no_cabin","S","3","no_prefix",102
463,"0","1","Mr","male",47,0,0,38.5,"E","S","1","no_prefix",47
464,"0","2","Mr","male",48,0,0,13,"no_cabin","S","2","no_prefix",96
465,"0","3","Mr","male",32,0,0,8.05,"no_cabin","S","2","AS",96
466,"0","3","Mr","male",38,0,0,7.05,"no_cabin","S","3","SOTONOQ",114
467,"0","2","Mr","male",19,0,0,0,"no_cabin","S","2","no_prefix",38
468,"0","1","Mr","male",56,0,0,26.55,"no_cabin","S","1","no_prefix",56
469,"0","3","Mr","male",42,0,0,7.725,"no_cabin","Q","3","no_prefix",126
470,"1","3","Miss","female",0.75,2,1,19.2583,"no_cabin","C","2","no_prefix",2.25
471,"0","3","Mr","male",39,0,0,7.25,"no_cabin","S","3","no_prefix",117
472,"0","3","Mr","male",38,0,0,8.6625,"no_cabin","S","3","no_prefix",114
473,"1","2","Mrs","female",33,1,2,27.75,"no_cabin","S","3","CA",66
474,"1","2","Mrs","female",23,0,0,13.7917,"D","C","5","SCAHBasle",46
475,"0","3","Miss","female",22,0,0,9.8375,"no_cabin","S","7","no_prefix",66
476,"0","1","Mr","male",40,0,0,52,"A","S","1","no_prefix",40
477,"0","2","Mr","male",34,1,0,21,"no_cabin","S","3","no_prefix",68
478,"0","3","Mr","male",29,1,0,7.0458,"no_cabin","S","3","no_prefix",87
479,"0","3","Mr","male",22,0,0,7.5208,"no_cabin","S","3","no_prefix",66
480,"1","3","Miss","female",2,0,1,12.2875,"no_cabin","S","3","no_prefix",6
481,"0","3","Master","male",9,5,2,46.9,"no_cabin","S","2","CA",27
482,"0","2","Mr","male",49,0,0,0,"no_cabin","S","2","no_prefix",98
483,"0","3","Mr","male",50,0,0,8.05,"no_cabin","S","5","A",150
484,"1","3","Mrs","female",63,0,0,9.5875,"no_cabin","S","4","no_prefix",189
485,"1","1","Mr","male",25,1,0,91.0792,"B","C","1","no_prefix",25
486,"0","3","Miss","female",4,3,1,25.4667,"no_cabin","S","4","no_prefix",12
487,"1","1","Mrs","female",35,1,0,90,"C","S","1","no_prefix",35
488,"0","1","Mr","male",58,0,0,29.7,"B","C","1","no_prefix",58
489,"0","3","Mr","male",30,0,0,8.05,"no_cabin","S","5","A",90
490,"1","3","Master","male",9,1,1,15.9,"no_cabin","S","3","CA",27
491,"0","3","Mr","male",36,1,0,19.9667,"no_cabin","S","3","no_prefix",108
492,"0","3","Mr","male",21,0,0,7.25,"no_cabin","S","3","SOTONOQ",63
493,"0","1","Mr","male",55,0,0,30.5,"C","S","1","no_prefix",55
494,"0","1","Mr","male",71,0,0,49.5042,"no_cabin","C","1","PC",71
495,"0","3","Mr","male",21,0,0,8.05,"no_cabin","S","4","A",63
496,"0","3","Mr","male",32,0,0,14.4583,"no_cabin","C","2","no_prefix",96
497,"1","1","Miss","female",54,1,0,78.2667,"D","C","3","no_prefix",54
498,"0","3","Mr","male",29,0,0,15.1,"no_cabin","S","3","CA",87
499,"0","1","Mrs","female",25,1,2,151.55,"C","S","1","no_prefix",25
500,"0","3","Mr","male",24,0,0,7.7958,"no_cabin","S","3","no_prefix",72
501,"0","3","Mr","male",17,0,0,8.6625,"no_cabin","S","3","no_prefix",51
502,"0","3","Miss","female",21,0,0,7.75,"no_cabin","Q","3","no_prefix",63
503,"0","3","Miss","female",21,0,0,7.6292,"no_cabin","Q","3","no_prefix",63
504,"0","3","Miss","female",37,0,0,9.5875,"no_cabin","S","4","no_prefix",111
505,"1","1","Miss","female",16,0,0,86.5,"B","S","1","no_prefix",16
506,"0","1","Mr","male",18,1,0,108.9,"C","C","1","PC",18
507,"1","2","Mrs","female",33,0,2,26,"no_cabin","S","2","no_prefix",66
508,"1","1","Mr","male",45,0,0,26.55,"no_cabin","S","1","no_prefix",45
509,"0","3","Mr","male",28,0,0,22.525,"no_cabin","S","4","C",84
510,"1","3","Mr","male",26,0,0,56.4958,"no_cabin","S","1","no_prefix",78
511,"1","3","Mr","male",29,0,0,7.75,"no_cabin","Q","3","no_prefix",87
512,"0","3","Mr","male",26,0,0,8.05,"no_cabin","S","3","SOTONOQ",78
513,"1","1","Mr","male",36,0,0,26.2875,"E","S","1","PC",36
514,"1","1","Mrs","female",54,1,0,59.4,"no_cabin","C","1","PC",54
515,"0","3","Mr","male",24,0,0,7.4958,"no_cabin","S","3","no_prefix",72
516,"0","1","Mr","male",47,0,0,34.0208,"D","S","3","no_prefix",47
517,"1","2","Mrs","female",34,0,0,10.5,"F","S","3","CA",68
518,"0","3","Mr","male",16,0,0,24.15,"no_cabin","Q","3","no_prefix",48
519,"1","2","Mrs","female",36,1,0,26,"no_cabin","S","2","no_prefix",72
520,"0","3","Mr","male",32,0,0,7.8958,"no_cabin","S","3","no_prefix",96
521,"1","1","Miss","female",30,0,0,93.5,"B","S","1","no_prefix",30
522,"0","3","Mr","male",22,0,0,7.8958,"no_cabin","S","3","no_prefix",66
523,"0","3","Mr","male",40,0,0,7.225,"no_cabin","C","2","no_prefix",120
524,"1","1","Mrs","female",44,0,1,57.9792,"B","C","1","no_prefix",44
525,"0","3","Mr","male",29,0,0,7.2292,"no_cabin","C","2","no_prefix",87
526,"0","3","Mr","male",40.5,0,0,7.75,"no_cabin","Q","3","no_prefix",121.5
527,"1","2","Miss","female",50,0,0,10.5,"no_cabin","S","1","WC",100
528,"0","1","Mr","male",47,0,0,221.7792,"C","S","1","PC",47
529,"0","3","Mr","male",39,0,0,7.925,"no_cabin","S","3","no_prefix",117
530,"0","2","Mr","male",23,2,1,11.5,"no_cabin","S","2","no_prefix",46
531,"1","2","Miss","female",2,1,1,26,"no_cabin","S","2","no_prefix",4
532,"0","3","Mr","male",23.5,0,0,7.2292,"no_cabin","C","2","no_prefix",70.5
533,"0","3","Mr","male",17,1,1,7.2292,"no_cabin","C","2","no_prefix",51
534,"1","3","Mrs","female",24,0,2,22.3583,"no_cabin","C","2","no_prefix",72
535,"0","3","Miss","female",30,0,0,8.6625,"no_cabin","S","3","no_prefix",90
536,"1","2","Miss","female",7,0,2,26.25,"no_cabin","S","1","FCC",14
537,"0","1","Major","male",45,0,0,26.55,"B","S","1","no_prefix",45
538,"1","1","Miss","female",30,0,0,106.425,"no_cabin","C","1","PC",30
539,"0","3","Mr","male",34,0,0,14.5,"no_cabin","S","3","no_prefix",102
540,"1","1","Miss","female",22,0,2,49.5,"B","C","1","no_prefix",22
541,"1","1","Miss","female",36,0,2,71,"B","S","5","WEP",36
542,"0","3","Miss","female",9,4,2,31.275,"no_cabin","S","3","no_prefix",27
543,"0","3","Miss","female",11,4,2,31.275,"no_cabin","S","3","no_prefix",33
544,"1","2","Mr","male",32,1,0,26,"no_cabin","S","2","no_prefix",64
545,"0","1","Mr","male",50,1,0,106.425,"C","C","1","PC",50
546,"0","1","Mr","male",64,0,0,26,"no_cabin","S","3","no_prefix",64
547,"1","2","Mrs","female",19,1,0,26,"no_cabin","S","2","no_prefix",38
548,"1","2","Mr","male",36,0,0,13.8625,"no_cabin","C","2","SCPARIS",72
549,"0","3","Mr","male",33,1,1,20.525,"no_cabin","S","3","no_prefix",99
550,"1","2","Master","male",8,1,1,36.75,"no_cabin","S","3","CA",16
551,"1","1","Mr","male",17,0,2,110.8833,"C","C","1","no_prefix",17
552,"0","2","Mr","male",27,0,0,26,"no_cabin","S","2","no_prefix",54
553,"0","3","Mr","male",32,0,0,7.8292,"no_cabin","Q","3","no_prefix",96
554,"1","3","Mr","male",22,0,0,7.225,"no_cabin","C","2","no_prefix",66
555,"1","3","Miss","female",22,0,0,7.775,"no_cabin","S","3","no_prefix",66
556,"0","1","Mr","male",62,0,0,26.55,"no_cabin","S","1","no_prefix",62
557,"1","1","Lady","female",48,1,0,39.6,"A","C","1","no_prefix",48
558,"0","1","Mr","male",24,0,0,227.525,"no_cabin","C","1","PC",24
559,"1","1","Mrs","female",39,1,1,79.65,"E","S","1","no_prefix",39
560,"1","3","Mrs","female",36,1,0,17.4,"no_cabin","S","3","no_prefix",108
561,"0","3","Mr","male",23,0,0,7.75,"no_cabin","Q","3","no_prefix",69
562,"0","3","Mr","male",40,0,0,7.8958,"no_cabin","S","3","no_prefix",120
563,"0","2","Mr","male",28,0,0,13.5,"no_cabin","S","2","no_prefix",56
564,"0","3","Mr","male",26,0,0,8.05,"no_cabin","S","3","SOTONOQ",78
565,"0","3","Miss","female",45,0,0,8.05,"no_cabin","S","3","SOTONOQ",135
566,"0","3","Mr","male",24,2,0,24.15,"no_cabin","S","4","A",72
567,"0","3","Mr","male",19,0,0,7.8958,"no_cabin","S","3","no_prefix",57
568,"0","3","Mrs","female",29,0,4,21.075,"no_cabin","S","3","no_prefix",87
569,"0","3","Mr","male",23.5,0,0,7.2292,"no_cabin","C","2","no_prefix",70.5
570,"1","3","Mr","male",32,0,0,7.8542,"no_cabin","S","3","no_prefix",96
571,"1","2","Mr","male",62,0,0,10.5,"no_cabin","S","7","SWPP",124
572,"1","1","Mrs","female",53,2,0,51.4792,"C","S","1","no_prefix",53
573,"1","1","Mr","male",36,0,0,26.3875,"E","S","1","PC",36
574,"1","3","Miss","female",15,0,0,7.75,"no_cabin","Q","1","no_prefix",45
575,"0","3","Mr","male",16,0,0,8.05,"no_cabin","S","4","A",48
576,"0","3","Mr","male",19,0,0,14.5,"no_cabin","S","3","no_prefix",57
577,"1","2","Miss","female",34,0,0,13,"no_cabin","S","2","no_prefix",68
578,"1","1","Mrs","female",39,1,0,55.9,"E","S","1","no_prefix",39
579,"0","3","Mrs","female",40,1,0,14.4583,"no_cabin","C","2","no_prefix",120
580,"1","3","Mr","male",32,0,0,7.925,"no_cabin","S","2","STONO",96
581,"1","2","Miss","female",25,1,1,30,"no_cabin","S","2","no_prefix",50
582,"1","1","Mrs","female",39,1,1,110.8833,"C","C","1","no_prefix",39
583,"0","2","Mr","male",54,0,0,26,"no_cabin","S","2","no_prefix",108
584,"0","1","Mr","male",36,0,0,40.125,"A","C","1","no_prefix",36
585,"0","3","Mr","male",38,0,0,8.7125,"no_cabin","C","3","no_prefix",114
586,"1","1","Miss","female",18,0,2,79.65,"E","S","1","no_prefix",18
587,"0","2","Mr","male",47,0,0,15,"no_cabin","S","2","no_prefix",94
588,"1","1","Mr","male",60,1,1,79.2,"B","C","1","no_prefix",60
589,"0","3","Mr","male",22,0,0,8.05,"no_cabin","S","1","no_prefix",66
590,"0","3","Mr","male",19,0,0,8.05,"no_cabin","S","5","A",57
591,"0","3","Mr","male",35,0,0,7.125,"no_cabin","S","2","STONO",105
592,"1","1","Mrs","female",52,1,0,78.2667,"D","C","3","no_prefix",52
593,"0","3","Mr","male",47,0,0,7.25,"no_cabin","S","5","A",141
594,"0","3","Miss","female",2,0,2,7.75,"no_cabin","Q","3","no_prefix",6
595,"0","2","Mr","male",37,1,0,26,"no_cabin","S","2","SCAH",74
596,"0","3","Mr","male",36,1,1,24.15,"no_cabin","S","3","no_prefix",108
597,"1","2","Miss","female",15,0,0,33,"no_cabin","S","2","no_prefix",30
598,"0","3","Mr","male",49,0,0,0,"no_cabin","S","3","LINE",147
599,"0","3","Mr","male",30,0,0,7.225,"no_cabin","C","2","no_prefix",90
600,"1","1","Sir","male",49,1,0,56.9292,"A","C","1","PC",49
601,"1","2","Mrs","female",24,2,1,27,"no_cabin","S","2","no_prefix",48
602,"0","3","Mr","male",32,0,0,7.8958,"no_cabin","S","3","no_prefix",96
603,"0","1","Mr","male",35,0,0,42.4,"no_cabin","S","1","no_prefix",35
604,"0","3","Mr","male",44,0,0,8.05,"no_cabin","S","3","no_prefix",132
605,"1","1","Mr","male",35,0,0,26.55,"no_cabin","C","1","no_prefix",35
606,"0","3","Mr","male",36,1,0,15.55,"no_cabin","S","3","no_prefix",108
607,"0","3","Mr","male",30,0,0,7.8958,"no_cabin","S","3","no_prefix",90
608,"1","1","Mr","male",27,0,0,30.5,"no_cabin","S","1","no_prefix",27
609,"1","2","Mrs","female",22,1,2,41.5792,"no_cabin","C","2","SCParis",44
610,"1","1","Miss","female",40,0,0,153.4625,"C","S","1","PC",40
611,"0","3","Mrs","female",39,1,5,31.275,"no_cabin","S","3","no_prefix",117
612,"0","3","Mr","male",25,0,0,7.05,"no_cabin","S","3","SOTONOQ",75
613,"1","3","Miss","female",14,1,0,15.5,"no_cabin","Q","3","no_prefix",42
614,"0","3","Mr","male",70.5,0,0,7.75,"no_cabin","Q","3","no_prefix",211.5
615,"0","3","Mr","male",35,0,0,8.05,"no_cabin","S","3","no_prefix",105
616,"1","2","Miss","female",24,1,2,65,"no_cabin","S","2","no_prefix",48
617,"0","3","Mr","male",34,1,1,14.4,"no_cabin","S","3","no_prefix",102
618,"0","3","Mrs","female",26,1,0,16.1,"no_cabin","S","5","A",78
619,"1","2","Miss","female",4,2,1,39,"F","S","2","no_prefix",8
620,"0","2","Mr","male",26,0,0,10.5,"no_cabin","S","3","no_prefix",52
621,"0","3","Mr","male",27,1,0,14.4542,"no_cabin","C","2","no_prefix",81
622,"1","1","Mr","male",42,1,0,52.5542,"D","S","1","no_prefix",42
623,"1","3","Mr","male",20,1,1,15.7417,"no_cabin","C","2","no_prefix",60
624,"0","3","Mr","male",21,0,0,7.8542,"no_cabin","S","3","no_prefix",63
625,"0","3","Mr","male",21,0,0,16.1,"no_cabin","S","5","no_prefix",63
626,"0","1","Mr","male",61,0,0,32.3208,"D","S","3","no_prefix",61
627,"0","2","Rev","male",57,0,0,12.35,"no_cabin","Q","2","no_prefix",114
628,"1","1","Miss","female",21,0,0,77.9583,"D","S","1","no_prefix",21
629,"0","3","Mr","male",26,0,0,7.8958,"no_cabin","S","3","no_prefix",78
630,"0","3","Mr","male",25,0,0,7.7333,"no_cabin","Q","3","no_prefix",75
631,"1","1","Mr","male",80,0,0,30,"A","S","2","no_prefix",80
632,"0","3","Mr","male",51,0,0,7.0542,"no_cabin","S","3","no_prefix",153
633,"1","1","Dr","male",32,0,0,30.5,"B","C","1","no_prefix",32
634,"0","1","Mr","male",25,0,0,0,"no_cabin","S","1","no_prefix",25
635,"0","3","Miss","female",9,3,2,27.9,"no_cabin","S","3","no_prefix",27
636,"1","2","Miss","female",28,0,0,13,"no_cabin","S","2","no_prefix",56
637,"0","3","Mr","male",32,0,0,7.925,"no_cabin","S","2","STONO",96
638,"0","2","Mr","male",31,1,1,26.25,"no_cabin","S","3","CA",62
639,"0","3","Mrs","female",41,0,5,39.6875,"no_cabin","S","3","no_prefix",123
640,"0","3","Mr","male",24,1,0,16.1,"no_cabin","S","3","no_prefix",72
641,"0","3","Mr","male",20,0,0,7.8542,"no_cabin","S","3","no_prefix",60
642,"1","1","Mlle","female",24,0,0,69.3,"B","C","1","PC",24
643,"0","3","Miss","female",2,3,2,27.9,"no_cabin","S","3","no_prefix",6
644,"1","3","Mr","male",16,0,0,56.4958,"no_cabin","S","1","no_prefix",48
645,"1","3","Miss","female",0.75,2,1,19.2583,"no_cabin","C","2","no_prefix",2.25
646,"1","1","Mr","male",48,1,0,76.7292,"D","C","1","PC",48
647,"0","3","Mr","male",19,0,0,7.8958,"no_cabin","S","3","no_prefix",57
648,"1","1","Col","male",56,0,0,35.5,"A","C","1","no_prefix",56
649,"0","3","Mr","male",30,0,0,7.55,"no_cabin","S","7","SOPP",90
650,"1","3","Miss","female",23,0,0,7.55,"no_cabin","S","2","CA",69
651,"0","3","Mr","male",30,0,0,7.8958,"no_cabin","S","3","no_prefix",90
652,"1","2","Miss","female",18,0,1,23,"no_cabin","S","2","no_prefix",36
653,"0","3","Mr","male",21,0,0,8.4333,"no_cabin","S","8","no_prefix",63
654,"1","3","Miss","female",24,0,0,7.8292,"no_cabin","Q","3","no_prefix",72
655,"0","3","Miss","female",18,0,0,6.75,"no_cabin","Q","3","no_prefix",54
656,"0","2","Mr","male",24,2,0,73.5,"no_cabin","S","1","SOC",48
657,"0","3","Mr","male",32,0,0,7.8958,"no_cabin","S","3","no_prefix",96
658,"0","3","Mrs","female",32,1,1,15.5,"no_cabin","Q","3","no_prefix",96
659,"0","2","Mr","male",23,0,0,13,"no_cabin","S","2","no_prefix",46
660,"0","1","Mr","male",58,0,2,113.275,"D","C","3","no_prefix",58
661,"1","1","Dr","male",50,2,0,133.65,"no_cabin","S","1","PC",50
662,"0","3","Mr","male",40,0,0,7.225,"no_cabin","C","2","no_prefix",120
663,"0","1","Mr","male",47,0,0,25.5875,"E","S","5","no_prefix",47
664,"0","3","Mr","male",36,0,0,7.4958,"no_cabin","S","3","no_prefix",108
665,"1","3","Mr","male",20,1,0,7.925,"no_cabin","S","2","STONO",60
666,"0","2","Mr","male",32,2,0,73.5,"no_cabin","S","1","SOC",64
667,"0","2","Mr","male",25,0,0,13,"no_cabin","S","2","no_prefix",50
668,"0","3","Mr","male",29,0,0,7.775,"no_cabin","S","3","no_prefix",87
669,"0","3","Mr","male",43,0,0,8.05,"no_cabin","S","5","A",129
670,"1","1","Mrs","female",22,1,0,52,"C","S","1","no_prefix",22
671,"1","2","Mrs","female",40,1,1,39,"no_cabin","S","2","no_prefix",80
672,"0","1","Mr","male",31,1,0,52,"B","S","1","FC",31
673,"0","2","Mr","male",70,0,0,10.5,"no_cabin","S","2","CA",140
674,"1","2","Mr","male",31,0,0,13,"no_cabin","S","2","no_prefix",62
675,"0","2","Mr","male",31,0,0,0,"no_cabin","S","2","no_prefix",62
676,"0","3","Mr","male",18,0,0,7.775,"no_cabin","S","3","no_prefix",54
677,"0","3","Mr","male",24.5,0,0,8.05,"no_cabin","S","3","no_prefix",73.5
678,"1","3","Miss","female",18,0,0,9.8417,"no_cabin","S","4","no_prefix",54
679,"0","3","Mrs","female",43,1,6,46.9,"no_cabin","S","2","CA",129
680,"1","1","Mr","male",36,0,1,512.3292,"B","C","1","PC",36
681,"0","3","Miss","female",30,0,0,8.1375,"no_cabin","Q","3","no_prefix",90
682,"1","1","Mr","male",27,0,0,76.7292,"D","C","1","PC",27
683,"0","3","Mr","male",20,0,0,9.225,"no_cabin","S","3","no_prefix",60
684,"0","3","Mr","male",14,5,2,46.9,"no_cabin","S","2","CA",42
685,"0","2","Mr","male",60,1,1,39,"no_cabin","S","2","no_prefix",120
686,"0","2","Mr","male",25,1,2,41.5792,"no_cabin","C","2","SCParis",50
687,"0","3","Mr","male",14,4,1,39.6875,"no_cabin","S","3","no_prefix",42
688,"0","3","Mr","male",19,0,0,10.1708,"no_cabin","S","3","no_prefix",57
689,"0","3","Mr","male",18,0,0,7.7958,"no_cabin","S","3","no_prefix",54
690,"1","1","Miss","female",15,0,1,211.3375,"B","S","2","no_prefix",15
691,"1","1","Mr","male",31,1,0,57,"B","S","1","no_prefix",31
692,"1","3","Miss","female",4,0,1,13.4167,"no_cabin","C","3","no_prefix",12
693,"1","3","Mr","male",20,0,0,56.4958,"no_cabin","S","1","no_prefix",60
694,"0","3","Mr","male",25,0,0,7.225,"no_cabin","C","2","no_prefix",75
695,"0","1","Col","male",60,0,0,26.55,"no_cabin","S","1","no_prefix",60
696,"0","2","Mr","male",52,0,0,13.5,"no_cabin","S","2","no_prefix",104
697,"0","3","Mr","male",44,0,0,8.05,"no_cabin","S","3","no_prefix",132
698,"1","3","Miss","female",16,0,0,7.7333,"no_cabin","Q","3","no_prefix",48
699,"0","1","Mr","male",49,1,1,110.8833,"C","C","1","no_prefix",49
700,"0","3","Mr","male",42,0,0,7.65,"F","S","3","no_prefix",126
701,"1","1","Mrs","female",18,1,0,227.525,"C","C","1","PC",18
702,"1","1","Mr","male",35,0,0,26.2875,"E","S","1","PC",35
703,"0","3","Miss","female",18,0,1,14.4542,"no_cabin","C","2","no_prefix",54
704,"0","3","Mr","male",25,0,0,7.7417,"no_cabin","Q","3","no_prefix",75
705,"0","3","Mr","male",26,1,0,7.8542,"no_cabin","S","3","no_prefix",78
706,"0","2","Mr","male",39,0,0,26,"no_cabin","S","2","no_prefix",78
707,"1","2","Mrs","female",45,0,0,13.5,"no_cabin","S","2","no_prefix",90
708,"1","1","Mr","male",42,0,0,26.2875,"E","S","1","PC",42
709,"1","1","Miss","female",22,0,0,151.55,"no_cabin","S","1","no_prefix",22
710,"1","3","Master","male",0.83,1,1,15.2458,"no_cabin","C","2","no_prefix",2.49
711,"1","1","Mlle","female",24,0,0,49.5042,"C","C","1","PC",24
712,"0","1","Mr","male",32,0,0,26.55,"C","S","1","no_prefix",32
713,"1","1","Mr","male",48,1,0,52,"C","S","1","no_prefix",48
714,"0","3","Mr","male",29,0,0,9.4833,"no_cabin","S","7","no_prefix",87
715,"0","2","Mr","male",52,0,0,13,"no_cabin","S","2","no_prefix",104
716,"0","3","Mr","male",19,0,0,7.65,"F","S","3","no_prefix",57
717,"1","1","Miss","female",38,0,0,227.525,"C","C","1","PC",38
718,"1","2","Miss","female",27,0,0,10.5,"E","S","3","no_prefix",54
719,"0","3","Mr","male",26,0,0,15.5,"no_cabin","Q","3","no_prefix",78
720,"0","3","Mr","male",33,0,0,7.775,"no_cabin","S","3","no_prefix",99
721,"1","2","Miss","female",6,0,1,33,"no_cabin","S","2","no_prefix",12
722,"0","3","Mr","male",17,1,0,7.0542,"no_cabin","S","3","no_prefix",51
723,"0","2","Mr","male",34,0,0,13,"no_cabin","S","1","no_prefix",68
724,"0","2","Mr","male",50,0,0,13,"no_cabin","S","2","no_prefix",100
725,"1","1","Mr","male",27,1,0,53.1,"E","S","1","no_prefix",27
726,"0","3","Mr","male",20,0,0,8.6625,"no_cabin","S","3","no_prefix",60
727,"1","2","Mrs","female",30,3,0,21,"no_cabin","S","3","no_prefix",60
728,"1","3","Miss","female",21,0,0,7.7375,"no_cabin","Q","3","no_prefix",63
729,"0","2","Mr","male",25,1,0,26,"no_cabin","S","2","no_prefix",50
730,"0","3","Miss","female",25,1,0,7.925,"no_cabin","S","2","STONO",75
731,"1","1","Miss","female",29,0,0,211.3375,"B","S","2","no_prefix",29
732,"0","3","Mr","male",11,0,0,18.7875,"no_cabin","C","2","no_prefix",33
733,"0","2","Mr","male",23,0,0,0,"no_cabin","S","2","no_prefix",46
734,"0","2","Mr","male",23,0,0,13,"no_cabin","S","2","no_prefix",46
735,"0","2","Mr","male",23,0,0,13,"no_cabin","S","2","no_prefix",46
736,"0","3","Mr","male",28.5,0,0,16.1,"no_cabin","S","5","no_prefix",85.5
737,"0","3","Mrs","female",48,1,3,34.375,"no_cabin","S","3","WC",144
738,"1","1","Mr","male",35,0,0,512.3292,"B","C","1","PC",35
739,"0","3","Mr","male",24.5,0,0,7.8958,"no_cabin","S","3","no_prefix",73.5
740,"0","3","Mr","male",28,0,0,7.8958,"no_cabin","S","3","no_prefix",84
741,"1","1","Mr","male",31,0,0,30,"D","S","1","no_prefix",31
742,"0","1","Mr","male",36,1,0,78.85,"C","S","1","no_prefix",36
743,"1","1","Miss","female",21,2,2,262.375,"B","C","1","PC",21
744,"0","3","Mr","male",24,1,0,16.1,"no_cabin","S","3","no_prefix",72
745,"1","3","Mr","male",31,0,0,7.925,"no_cabin","S","2","STONO",93
746,"0","1","Capt","male",70,1,1,71,"B","S","5","WEP",70
747,"0","3","Mr","male",16,1,1,20.25,"no_cabin","S","2","CA",48
748,"1","2","Miss","female",30,0,0,13,"no_cabin","S","2","no_prefix",60
749,"0","1","Mr","male",19,1,0,53.1,"D","S","1","no_prefix",19
750,"0","3","Mr","male",31,0,0,7.75,"no_cabin","Q","3","no_prefix",93
751,"1","2","Miss","female",4,1,1,23,"no_cabin","S","2","no_prefix",8
752,"1","3","Master","male",6,0,1,12.475,"E","S","3","no_prefix",18
753,"0","3","Mr","male",33,0,0,9.5,"no_cabin","S","3","no_prefix",99
754,"0","3","Mr","male",23,0,0,7.8958,"no_cabin","S","3","no_prefix",69
755,"1","2","Mrs","female",48,1,2,65,"no_cabin","S","2","no_prefix",96
756,"1","2","Master","male",0.67,1,1,14.5,"no_cabin","S","2","no_prefix",1.34
757,"0","3","Mr","male",28,0,0,7.7958,"no_cabin","S","3","no_prefix",84
758,"0","2","Mr","male",18,0,0,11.5,"no_cabin","S","2","no_prefix",36
759,"0","3","Mr","male",34,0,0,8.05,"no_cabin","S","3","no_prefix",102
760,"1","1","theCountess","female",33,0,0,86.5,"B","S","1","no_prefix",33
761,"0","3","Mr","male",27,0,0,14.5,"no_cabin","S","3","no_prefix",81
762,"0","3","Mr","male",41,0,0,7.125,"no_cabin","S","2","SOTONO",123
763,"1","3","Mr","male",20,0,0,7.2292,"no_cabin","C","2","no_prefix",60
764,"1","1","Mrs","female",36,1,2,120,"B","S","1","no_prefix",36
765,"0","3","Mr","male",16,0,0,7.775,"no_cabin","S","3","no_prefix",48
766,"1","1","Mrs","female",51,1,0,77.9583,"D","S","1","no_prefix",51
767,"0","1","Dr","male",49,0,0,39.6,"no_cabin","C","1","no_prefix",49
768,"0","3","Miss","female",30.5,0,0,7.75,"no_cabin","Q","3","no_prefix",91.5
769,"0","3","Mr","male",30,1,0,24.15,"no_cabin","Q","3","no_prefix",90
770,"0","3","Mr","male",32,0,0,8.3625,"no_cabin","S","8","no_prefix",96
771,"0","3","Mr","male",24,0,0,9.5,"no_cabin","S","3","no_prefix",72
772,"0","3","Mr","male",48,0,0,7.8542,"no_cabin","S","3","no_prefix",144
773,"0","2","Mrs","female",57,0,0,10.5,"E","S","3","SOPP",114
774,"0","3","Mr","male",34,0,0,7.225,"no_cabin","C","2","no_prefix",102
775,"1","2","Mrs","female",54,1,3,23,"no_cabin","S","2","no_prefix",108
776,"0","3","Mr","male",18,0,0,7.75,"no_cabin","S","3","no_prefix",54
777,"0","3","Mr","male",31,0,0,7.75,"F","Q","3","no_prefix",93
778,"1","3","Miss","female",5,0,0,12.475,"no_cabin","S","3","no_prefix",15
779,"0","3","Mr","male",42,0,0,7.7375,"no_cabin","Q","3","no_prefix",126
780,"1","1","Mrs","female",43,0,1,211.3375,"B","S","2","no_prefix",43
781,"1","3","Miss","female",13,0,0,7.2292,"no_cabin","C","2","no_prefix",39
782,"1","1","Mrs","female",17,1,0,57,"B","S","1","no_prefix",17
783,"0","1","Mr","male",29,0,0,30,"D","S","1","no_prefix",29
784,"0","3","Mr","male",18,1,2,23.45,"no_cabin","S","3","WC",54
785,"0","3","Mr","male",25,0,0,7.05,"no_cabin","S","3","SOTONOQ",75
786,"0","3","Mr","male",25,0,0,7.25,"no_cabin","S","3","no_prefix",75
787,"1","3","Miss","female",18,0,0,7.4958,"no_cabin","S","3","no_prefix",54
788,"0","3","Master","male",8,4,1,29.125,"no_cabin","Q","3","no_prefix",24
789,"1","3","Master","male",1,1,2,20.575,"no_cabin","S","2","CA",3
790,"0","1","Mr","male",46,0,0,79.2,"B","C","1","PC",46
791,"0","3","Mr","male",32,0,0,7.75,"no_cabin","Q","1","no_prefix",96
792,"0","2","Mr","male",16,0,0,26,"no_cabin","S","2","no_prefix",32
793,"0","3","Miss","female",21,8,2,69.55,"no_cabin","S","2","CA",63
794,"0","1","Mr","male",36,0,0,30.6958,"no_cabin","C","1","PC",36
795,"0","3","Mr","male",25,0,0,7.8958,"no_cabin","S","3","no_prefix",75
796,"0","2","Mr","male",39,0,0,13,"no_cabin","S","2","no_prefix",78
797,"1","1","Dr","female",49,0,0,25.9292,"D","S","1","no_prefix",49
798,"1","3","Mrs","female",31,0,0,8.6833,"no_cabin","S","3","no_prefix",93
799,"0","3","Mr","male",30,0,0,7.2292,"no_cabin","C","2","no_prefix",90
800,"0","3","Mrs","female",30,1,1,24.15,"no_cabin","S","3","no_prefix",90
801,"0","2","Mr","male",34,0,0,13,"no_cabin","S","2","no_prefix",68
802,"1","2","Mrs","female",31,1,1,26.25,"no_cabin","S","3","CA",62
803,"1","1","Master","male",11,1,2,120,"B","S","1","no_prefix",11
804,"1","3","Master","male",0.42,0,1,8.5167,"no_cabin","C","2","no_prefix",1.26
805,"1","3","Mr","male",27,0,0,6.975,"no_cabin","S","3","no_prefix",81
806,"0","3","Mr","male",31,0,0,7.775,"no_cabin","S","3","no_prefix",93
807,"0","1","Mr","male",39,0,0,0,"A","S","1","no_prefix",39
808,"0","3","Miss","female",18,0,0,7.775,"no_cabin","S","3","no_prefix",54
809,"0","2","Mr","male",39,0,0,13,"no_cabin","S","2","no_prefix",78
810,"1","1","Mrs","female",33,1,0,53.1,"E","S","1","no_prefix",33
811,"0","3","Mr","male",26,0,0,7.8875,"no_cabin","S","3","no_prefix",78
812,"0","3","Mr","male",39,0,0,24.15,"no_cabin","S","4","A",117
813,"0","2","Mr","male",35,0,0,10.5,"no_cabin","S","2","no_prefix",70
814,"0","3","Miss","female",6,4,2,31.275,"no_cabin","S","3","no_prefix",18
815,"0","3","Mr","male",30.5,0,0,8.05,"no_cabin","S","3","no_prefix",91.5
816,"0","1","Mr","male",33,0,0,0,"B","S","1","no_prefix",33
817,"0","3","Miss","female",23,0,0,7.925,"no_cabin","S","2","STONO",69
818,"0","2","Mr","male",31,1,1,37.0042,"no_cabin","C","2","SCPARIS",62
819,"0","3","Mr","male",43,0,0,6.45,"no_cabin","S","7","C",129
820,"0","3","Master","male",10,3,2,27.9,"no_cabin","S","3","no_prefix",30
821,"1","1","Mrs","female",52,1,1,93.5,"B","S","1","no_prefix",52
822,"1","3","Mr","male",27,0,0,8.6625,"no_cabin","S","3","no_prefix",81
823,"0","1","Jonkheer","male",38,0,0,0,"no_cabin","S","1","no_prefix",38
824,"1","3","Mrs","female",27,0,1,12.475,"E","S","3","no_prefix",81
825,"0","3","Master","male",2,4,1,39.6875,"no_cabin","S","3","no_prefix",6
826,"0","3","Mr","male",49,0,0,6.95,"no_cabin","Q","3","no_prefix",147
827,"0","3","Mr","male",20,0,0,56.4958,"no_cabin","S","1","no_prefix",60
828,"1","2","Master","male",1,0,2,37.0042,"no_cabin","C","2","SCPARIS",2
829,"1","3","Mr","male",35,0,0,7.75,"no_cabin","Q","3","no_prefix",105
830,"1","1","Mrs","female",62,0,0,80,"B","S","1","no_prefix",62
831,"1","3","Mrs","female",15,1,0,14.4542,"no_cabin","C","2","no_prefix",45
832,"1","2","Master","male",0.83,1,1,18.75,"no_cabin","S","2","no_prefix",1.66
833,"0","3","Mr","male",30,0,0,7.2292,"no_cabin","C","2","no_prefix",90
834,"0","3","Mr","male",23,0,0,7.8542,"no_cabin","S","3","no_prefix",69
835,"0","3","Mr","male",18,0,0,8.3,"no_cabin","S","2","no_prefix",54
836,"1","1","Miss","female",39,1,1,83.1583,"E","C","1","PC",39
837,"0","3","Mr","male",21,0,0,8.6625,"no_cabin","S","3","no_prefix",63
838,"0","3","Mr","male",23,0,0,8.05,"no_cabin","S","3","no_prefix",69
839,"1","3","Mr","male",32,0,0,56.4958,"no_cabin","S","1","no_prefix",96
840,"1","1","Mr","male",28,0,0,29.7,"C","C","1","no_prefix",28
841,"0","3","Mr","male",20,0,0,7.925,"no_cabin","S","2","SOTONO",60
842,"0","2","Mr","male",16,0,0,10.5,"no_cabin","S","3","SOPP",32
843,"1","1","Miss","female",30,0,0,31,"no_cabin","C","1","no_prefix",30
844,"0","3","Mr","male",34.5,0,0,6.4375,"no_cabin","C","2","no_prefix",103.5
845,"0","3","Mr","male",17,0,0,8.6625,"no_cabin","S","3","no_prefix",51
846,"0","3","Mr","male",42,0,0,7.55,"no_cabin","S","5","CA",126
847,"0","3","Mr","male",24,8,2,69.55,"no_cabin","S","2","CA",72
848,"0","3","Mr","male",35,0,0,7.8958,"no_cabin","C","3","no_prefix",105
849,"0","2","Rev","male",28,0,1,33,"no_cabin","S","2","no_prefix",56
850,"1","1","Mrs","female",33,1,0,89.1042,"C","C","1","no_prefix",33
851,"0","3","Master","male",4,4,2,31.275,"no_cabin","S","3","no_prefix",12
852,"0","3","Mr","male",74,0,0,7.775,"no_cabin","S","3","no_prefix",222
853,"0","3","Miss","female",9,1,1,15.2458,"no_cabin","C","2","no_prefix",27
854,"1","1","Miss","female",16,0,1,39.4,"D","S","1","PC",16
855,"0","2","Mrs","female",44,1,0,26,"no_cabin","S","2","no_prefix",88
856,"1","3","Mrs","female",18,0,1,9.35,"no_cabin","S","3","no_prefix",54
857,"1","1","Mrs","female",45,1,1,164.8667,"no_cabin","S","3","no_prefix",45
858,"1","1","Mr","male",51,0,0,26.55,"E","S","1","no_prefix",51
859,"1","3","Mrs","female",24,0,3,19.2583,"no_cabin","C","2","no_prefix",72
860,"0","3","Mr","male",42,0,0,7.2292,"no_cabin","C","2","no_prefix",126
861,"0","3","Mr","male",41,2,0,14.1083,"no_cabin","S","3","no_prefix",123
862,"0","2","Mr","male",21,1,0,11.5,"no_cabin","S","2","no_prefix",42
863,"1","1","Mrs","female",48,0,0,25.9292,"D","S","1","no_prefix",48
864,"0","3","Miss","female",9,8,2,69.55,"no_cabin","S","2","CA",27
865,"0","2","Mr","male",24,0,0,13,"no_cabin","S","2","no_prefix",48
866,"1","2","Mrs","female",42,0,0,13,"no_cabin","S","2","no_prefix",84
867,"1","2","Miss","female",27,1,0,13.8583,"no_cabin","C","2","SCPARIS",54
868,"0","1","Mr","male",31,0,0,50.4958,"A","S","1","PC",31
869,"0","3","Mr","male",33,0,0,9.5,"no_cabin","S","3","no_prefix",99
870,"1","3","Master","male",4,1,1,11.1333,"no_cabin","S","3","no_prefix",12
871,"0","3","Mr","male",26,0,0,7.8958,"no_cabin","S","3","no_prefix",78
872,"1","1","Mrs","female",47,1,1,52.5542,"D","S","1","no_prefix",47
873,"0","1","Mr","male",33,0,0,5,"B","S","3","no_prefix",33
874,"0","3","Mr","male",47,0,0,9,"no_cabin","S","3","no_prefix",141
875,"1","2","Mrs","female",28,1,0,24,"no_cabin","C","3","PPP",56
876,"1","3","Miss","female",15,0,0,7.225,"no_cabin","C","2","no_prefix",45
877,"0","3","Mr","male",20,0,0,9.8458,"no_cabin","S","7","no_prefix",60
878,"0","3","Mr","male",19,0,0,7.8958,"no_cabin","S","3","no_prefix",57
879,"0","3","Mr","male",19,0,0,7.8958,"no_cabin","S","3","no_prefix",57
880,"1","1","Mrs","female",56,0,1,83.1583,"C","C","1","no_prefix",56
881,"1","2","Mrs","female",25,0,1,26,"no_cabin","S","2","no_prefix",50
882,"0","3","Mr","male",33,0,0,7.8958,"no_cabin","S","3","no_prefix",99
883,"0","3","Miss","female",22,0,0,10.5167,"no_cabin","S","7","no_prefix",66
884,"0","2","Mr","male",28,0,0,10.5,"no_cabin","S","3","CASOTON",56
885,"0","3","Mr","male",25,0,0,7.05,"no_cabin","S","3","SOTONOQ",75
886,"0","3","Mrs","female",39,0,5,29.125,"no_cabin","Q","3","no_prefix",117
887,"0","2","Rev","male",27,0,0,13,"no_cabin","S","2","no_prefix",54
888,"1","1","Miss","female",19,0,0,30,"B","S","1","no_prefix",19
889,"0","3","Miss","female",10,1,2,23.45,"no_cabin","S","3","WC",30
890,"1","1","Mr","male",26,0,0,30,"C","C","1","no_prefix",26
891,"0","3","Mr","male",32,0,0,7.75,"no_cabin","Q","3","no_prefix",96
